Modalidad,Victimas,porcentaje
Con arma de fuego,130,63.10679611650486
Con arma blanca,58,28.155339805825243
Con otro elemento,11,5.339805825242718
No especificado,7,3.3980582524271843
