Modalidad,Victimas,porcentaje
Con arma de fuego,183,68.28358208955224
Con arma blanca,59,22.01492537313433
Con otro elemento,14,5.223880597014925
No especificado,12,4.477611940298507
