Modalidad,Victimas,porcentaje
Con otro elemento,100,45.45454545454545
No especificado,65,29.545454545454547
En accidente de tránsito,50,22.727272727272727
Con arma blanca,3,1.3636363636363635
Con arma de fuego,2,0.9090909090909091
